Id,SalesAuditId,Pnr,TicketNo,TicketPcc,BookingPcc,TicketMarket,BookingMarket,IsCrossBorder,ChangedSegmentCount,IsChangedSegment,MarriedSegmentCount,IsMarriedSegment,RiskScore,Remarks,CreatedDate
1,NULL,DHYSUW,NULL,DCVZ,,,,0,0,0,0,0,0,,"2026-08-06 09:29:49"
2,NULL,JYASGJ,NULL,BOMHKG,,,,0,0,0,0,0,0,,"2026-08-06 09:29:50"
3,NULL,DITTLE,NULL,DCAI,,,,0,0,0,0,0,0,,"2026-08-06 09:29:52"
4,NULL,AZOKPF,NULL,DCJ2,,,,0,0,0,0,0,0,,"2026-08-06 09:29:53"
5,NULL,DHNZCW,NULL,DCTG,,,,0,0,0,0,0,0,,"2026-08-06 09:29:54"
6,NULL,DLITVL,NULL,NRTSIN,,,,0,0,0,0,0,0,,"2026-08-06 09:29:56"
7,NULL,WRJWOT,NULL,DCAI,,,,0,0,0,0,0,0,,"2026-08-06 09:29:57"
8,NULL,IAOVXL,NULL,TRVDEL,,,,0,0,0,0,0,0,,"2026-08-06 09:29:59"
9,NULL,AZPHXL,NULL,PVGBKK,,,,0,0,0,0,0,0,,"2026-08-06 09:30:00"
10,NULL,DIJYAN,NULL,MAAAUH,,,,0,0,0,0,0,0,,"2026-08-06 09:30:01"
11,NULL,IAGCVX,NULL,JAIDEL,,,,0,0,0,0,0,0,,"2026-08-06 09:30:03"
12,NULL,WSSNHF,NULL,DCAI,,,,0,0,0,0,0,0,,"2026-08-06 09:30:04"
13,NULL,NNRZKF,NULL,MAAAUH,,,,0,0,0,0,0,0,,"2026-08-06 09:30:06"
14,NULL,MVNERC,NULL,MSTR,,,,0,0,0,0,0,0,,"2026-08-06 09:30:07"
15,NULL,DGIOSD,NULL,DCAI,,,,0,0,0,0,0,0,,"2026-08-06 09:30:09"
16,NULL,AMVCDU,NULL,COKDEL,,,,0,0,0,0,0,0,,"2026-08-06 09:30:10"
17,NULL,WSPBDJ,NULL,BURSFO,,,,0,0,0,0,0,0,,"2026-08-06 09:30:11"
18,NULL,AZXNAJ,NULL,DCAI,,,,0,0,0,0,0,0,,"2026-08-06 09:30:13"
19,NULL,DFFITY,NULL,COKBOM,,,,0,0,0,0,0,0,,"2026-08-06 09:30:14"
20,NULL,IAWVNL,NULL,DCAI,,,,0,0,0,0,0,0,,"2026-08-06 09:30:16"
21,NULL,DFIWYW,NULL,DCAI,,,,0,0,0,0,0,0,,"2026-08-06 09:30:17"
22,NULL,NNKYLZ,NULL,VGADEL,,,,0,0,0,0,0,0,,"2026-08-06 09:30:18"
23,NULL,DFCMBZ,NULL,BHJBOM,,,,0,0,0,0,0,0,,"2026-08-06 09:30:21"
24,NULL,DMJUVM,NULL,DCAI,,,,0,0,0,0,0,0,,"2026-08-06 09:30:23"
25,NULL,NRBIEE,NULL,DCAI,,,,0,0,0,0,0,0,,"2026-08-06 09:30:24"
26,NULL,NQJYVH,NULL,GAUDEL,,,,0,0,0,0,0,0,,"2026-08-06 09:30:26"
27,NULL,LQEYMQ,NULL,MAADEL,,,,0,0,0,0,0,0,,"2026-08-06 09:30:27"
28,NULL,IDSWNT,NULL,COKBOM,,,,0,0,0,0,0,0,,"2026-08-06 09:30:28"
29,NULL,DLVRME,NULL,DELKUL,,,,0,0,0,0,0,0,,"2026-08-06 09:30:30"
30,NULL,AZKWGK,NULL,DCPG,,,,0,0,0,0,0,0,,"2026-08-06 09:30:31"
31,NULL,NRAZFO,NULL,BHJBOM,,,,0,0,0,0,0,0,,"2026-08-06 09:30:33"
32,NULL,DGUDHR,NULL,AMDDOH,,,,0,0,0,0,0,0,,"2026-08-06 09:30:34"
33,NULL,ICTRTT,NULL,DCAI,,,,0,0,0,0,0,0,,"2026-08-06 09:30:35"
34,NULL,MTSTZJ,NULL,DCAI,,,,0,0,0,0,0,0,,"2026-08-06 09:30:37"
35,NULL,WTPQXB,NULL,DCSL,,,,0,0,0,0,0,0,,"2026-08-06 09:30:38"
36,NULL,IDVMKB,NULL,DCAI,,,,0,0,0,0,0,0,,"2026-08-06 09:30:40"
37,NULL,WUZWWI,NULL,CAIAUH,,,,0,0,0,0,0,0,,"2026-08-06 09:30:42"
38,NULL,DFPPZS,NULL,DCAI,,,,0,0,0,0,0,0,,"2026-08-06 09:30:43"
39,NULL,JWWFUT,NULL,DCGA,,,,0,0,0,0,0,0,,"2026-08-06 09:30:45"
40,NULL,DICBPG,NULL,DCJ2,,,,0,0,0,0,0,0,,"2026-08-06 09:30:46"
41,NULL,DHTYDR,NULL,TRVBOM,,,,0,0,0,0,0,0,,"2026-08-06 09:30:47"
42,NULL,DIIDCY,NULL,DCAI,,,,0,0,0,0,0,0,,"2026-08-06 09:30:49"
43,NULL,MUIDIF,NULL,DCAI,,,,0,0,0,0,0,0,,"2026-08-06 09:30:50"
44,NULL,DHVLWN,NULL,AMDBOM,,,,0,0,0,0,0,0,,"2026-08-06 09:30:52"
45,NULL,DKPJCN,NULL,DCAI,,,,0,0,0,0,0,0,,"2026-08-06 09:30:53"
46,NULL,DHHPLT,NULL,XNBAUH,,,,0,0,0,0,0,0,,"2026-08-06 09:30:54"
47,NULL,IBCBIL,NULL,DCAI,,,,0,0,0,0,0,0,,"2026-08-06 09:30:56"
48,NULL,DJBVVZ,NULL,PITJFK,,,,0,0,0,0,0,0,,"2026-08-06 09:30:58"
49,NULL,JYEZHR,NULL,IAHIST,,,,0,0,0,0,0,0,,"2026-08-06 09:30:59"
50,NULL,IBMKDI,NULL,DCAI,,,,0,0,0,0,0,0,,"2026-08-06 09:31:01"
51,NULL,NNRUKD,NULL,DCAI,,,,0,0,0,0,0,0,,"2026-08-06 09:31:02"
52,NULL,NPTUET,NULL,DCAI,,,,0,0,0,0,0,0,,"2026-08-06 09:31:03"
53,NULL,JXYUPN,NULL,DCAI,,,,0,0,0,0,0,0,,"2026-08-06 09:31:05"
54,NULL,MSIXGT,NULL,DCVS,,,,0,0,0,0,0,0,,"2026-08-06 09:31:06"
55,NULL,JZTFZI,NULL,DCJ2,,,,0,0,0,0,0,0,,"2026-08-06 09:31:08"
56,NULL,NQPVOL,NULL,DCAI,,,,0,0,0,0,0,0,,"2026-08-06 09:31:09"
57,NULL,IBURNI,NULL,MSTR,,,,0,0,0,0,0,0,,"2026-08-06 09:31:11"
58,NULL,NQXTCV,NULL,SINDEL,,,,0,0,0,0,0,0,,"2026-08-06 09:31:12"
59,NULL,DJFYZX,NULL,IDRDEL,,,,0,0,0,0,0,0,,"2026-08-06 09:31:14"
60,NULL,NPINWG,NULL,DCJ2,,,,0,0,0,0,0,0,,"2026-08-06 09:31:15"
61,NULL,DKWKCO,NULL,IDRDEL,,,,0,0,0,0,0,0,,"2026-08-06 09:31:17"
